country|date|pid|rank|week
CHN|3/19/2015|64643|1|8619
IND|3/19/2015|52748|2|8619
CHN|3/19/2015|83064|3|8619
ESP|3/19/2015|18228|4|8619
KOR|3/19/2015|76594|5|8619
TPE|3/19/2015|61427|6|8619
CHN|3/19/2015|53938|7|8619
THA|3/19/2015|35642|8|8619
IND|3/19/2015|73173|9|8619
KOR|3/19/2015|22455|10|8619
CHN|3/19/2015|14398|11|8619
USA|3/19/2015|53806|12|8619
JPN|3/19/2015|96312|13|8619
JPN|3/19/2015|96713|14|8619
JPN|3/19/2015|34890|15|8619
CHN|3/19/2015|92736|16|8619
CAN|3/19/2015|84523|17|8619
JPN|3/19/2015|66644|18|8619
THA|3/19/2015|58271|19|8619
THA|3/19/2015|57971|20|8619
THA|3/19/2015|54511|21|8619
ESP|3/19/2015|95780|22|8619
JPN|3/19/2015|77317|23|8619
JPN|3/19/2015|15417|24|8619
GER|3/19/2015|51204|25|8619
CHN|3/19/2015|64643|1|8619
IND|3/19/2015|52748|2|8619
CHN|3/19/2015|83064|3|8619
ESP|3/19/2015|18228|4|8619
KOR|3/19/2015|76594|5|8619
TPE|3/19/2015|61427|6|8619
CHN|3/19/2015|53938|7|8619
THA|3/19/2015|35642|8|8619
IND|3/19/2015|73173|9|8619
KOR|3/19/2015|22455|10|8619
CHN|3/19/2015|14398|11|8619
USA|3/19/2015|53806|12|8619
JPN|3/19/2015|96312|13|8619
JPN|3/19/2015|96713|14|8619
JPN|3/19/2015|34890|15|8619
CHN|3/19/2015|92736|16|8619
CAN|3/19/2015|84523|17|8619
JPN|3/19/2015|66644|18|8619
THA|3/19/2015|58271|19|8619
THA|3/19/2015|57971|20|8619
THA|3/19/2015|54511|21|8619
ESP|3/19/2015|95780|22|8619
JPN|3/19/2015|77317|23|8619
JPN|3/19/2015|15417|24|8619
GER|3/19/2015|51204|25|8619
HKG|3/19/2015|51649|26|8619
SCO|3/19/2015|48528|27|8619
TPE|3/19/2015|74561|28|8619
JPN|3/19/2015|53392|29|8619
TPE|3/19/2015|99925|30|8619
CHN|3/19/2015|78288|31|8619
INA|3/19/2015|14710|32|8619
BUL|3/19/2015|15105|33|8619
DEN|3/19/2015|63437|34|8619
KOR|3/19/2015|91598|35|8619
DEN|3/19/2015|50331|36|8619
JPN|3/19/2015|43256|37|8619
IND|3/19/2015|75410|38|8619
SGP|3/19/2015|54698|39|8619
FRA|3/19/2015|18998|40|8619
BUL|3/19/2015|12765|41|8619
IRL|3/19/2015|89666|42|8619
RUS|3/19/2015|78605|43|8619
USA|3/19/2015|57798|44|8619
TPE|3/19/2015|15509|45|8619
INA|3/19/2015|66974|46|8619
BUL|3/19/2015|46169|47|8619
USA|3/19/2015|14621|48|8619
VIE|3/19/2015|71455|49|8619
INA|3/19/2015|96130|50|8619
ISR|3/19/2015|67069|51|8619
HKG|3/19/2015|87709|52|8619
SUI|3/19/2015|54068|53|8619
USA|3/19/2015|52771|54|8619
JPN|3/19/2015|52064|55|8619
ITA|3/19/2015|51842|56|8619
TUR|3/19/2015|87885|57|8619
INA|3/19/2015|50878|58|8619
MAS|3/19/2015|63369|59|8619
TUR|3/19/2015|94762|60|8619
TPE|3/19/2015|92339|61|8619
RUS|3/19/2015|8558|62|8619
BRA|3/19/2015|52908|63|8619
ENG|3/19/2015|55536|64|8619
MAS|3/19/2015|53153|65|8619
MAS|3/19/2015|52103|66|8619
JPN|3/19/2015|95189|67|8619
INA|3/19/2015|54248|68|8619
MAS|3/19/2015|54151|69|8619
CZE|3/19/2015|51739|70|8619
IND|3/19/2015|56471|71|8619
BRA|3/19/2015|74742|72|8619
EST|3/19/2015|11914|73|8619
CHN|3/19/2015|76908|74|8619
NGR|3/19/2015|80210|75|8619
FRA|3/19/2015|79056|76|8619
IND|3/19/2015|66615|77|8619
INA|3/19/2015|97207|78|8619
RUS|3/19/2015|92400|79|8619
BEL|3/19/2015|55318|80|8619
CAN|3/19/2015|95664|81|8619
JPN|3/19/2015|82346|82|8619
MRI|3/19/2015|42679|83|8619
DEN|3/19/2015|43761|84|8619
NED|3/19/2015|93419|85|8619
PER|3/19/2015|71252|86|8619
UKR|3/19/2015|76349|87|8619
TPE|3/19/2015|53628|88|8619
IND|3/19/2015|21036|89|8619
INA|3/19/2015|81986|90|8619
GUA|3/19/2015|17774|91|8619
INA|3/19/2015|74525|92|8619
DEN|3/19/2015|69707|93|8619
CZE|3/19/2015|34229|94|8619
LTU|3/19/2015|14894|95|8619
JPN|3/19/2015|69082|96|8619
PER|3/19/2015|80894|97|8619
GER|3/19/2015|21854|98|8619
AUT|3/19/2015|85440|99|8619
MEX|3/19/2015|61244|100|8619
PER|3/19/2015|21174|101|8619
TUR|3/19/2015|39255|102|8619
TPE|3/19/2015|76717|103|8619
KOR|3/19/2015|84992|104|8619
SGP|3/19/2015|47646|105|8619
POL|3/19/2015|45656|106|8619
FIN|3/19/2015|42731|107|8619
SVK|3/19/2015|91157|108|8619
INA|3/19/2015|15828|109|8619
UGA|3/19/2015|83532|110|8619
BEL|3/19/2015|82229|111|8619
AUT|3/19/2015|10022|112|8619
TPE|3/19/2015|14865|113|8619
JPN|3/19/2015|86373|114|8619
AUS|3/19/2015|91611|115|8619
RUS|3/19/2015|67073|116|8619
MEX|3/19/2015|85514|117|8619
THA|3/19/2015|84062|118|8619
TPE|3/19/2015|27588|119|8619
MAS|3/19/2015|62867|120|8619
MEX|3/19/2015|24247|121|8619
RUS|3/19/2015|36996|122|8619
TUR|3/19/2015|84902|123|8619
SWE|3/19/2015|83379|124|8619
FRA|3/19/2015|50595|125|8619
BRA|3/19/2015|92082|126|8619
NZL|3/19/2015|38708|127|8619
BLR|3/19/2015|52294|128|8619
EST|3/19/2015|53705|129|8619
HUN|3/19/2015|34899|129|8619
INA|3/19/2015|61665|131|8619
EST|3/19/2015|67084|132|8619
DEN|3/19/2015|91224|133|8619
MAS|3/19/2015|97932|134|8619
CRO|3/19/2015|79928|135|8619
KOR|3/19/2015|67871|136|8619
WAL|3/19/2015|16062|137|8619
EGY|3/19/2015|52901|138|8619
TUR|3/19/2015|89027|139|8619
TPE|3/19/2015|57244|140|8619
SVK|3/19/2015|75188|141|8619
UKR|3/19/2015|76910|142|8619
SWE|3/19/2015|60223|143|8619
ENG|3/19/2015|79055|144|8619
MAS|3/19/2015|70093|145|8619
FIN|3/19/2015|55770|146|8619
THA|3/19/2015|91422|147|8619
SUI|3/19/2015|82656|148|8619
RSA|3/19/2015|64028|149|8619
UKR|3/19/2015|31614|150|8619
DOM|3/19/2015|68147|151|8619
CHN|3/19/2015|76601|152|8619
CHN|3/19/2015|92728|153|8619
CHN|3/19/2015|87434|154|8619
USA|3/19/2015|80644|155|8619
USA|3/19/2015|99017|156|8619
MAS|3/19/2015|97655|157|8619
JPN|3/19/2015|88473|158|8619
ENG|3/19/2015|53341|159|8619
ENG|3/19/2015|34240|160|8619
MAS|3/19/2015|87629|161|8619
INA|3/19/2015|35662|162|8619
CAN|3/19/2015|97087|163|8619
AUS|3/19/2015|74426|164|8619
AUS|3/19/2015|88368|165|8619
RUS|3/19/2015|33989|166|8619
CZE|3/19/2015|81794|167|8619
PER|3/19/2015|56164|168|8619
AUS|3/19/2015|57665|169|8619
TPE|3/19/2015|88807|170|8619
AUS|3/19/2015|99445|171|8619
INA|3/19/2015|67996|172|8619
RUS|3/19/2015|53676|173|8619
CRO|3/19/2015|87268|174|8619
TUR|3/19/2015|77926|175|8619
TPE|3/19/2015|87176|176|8619
TPE|3/19/2015|54128|177|8619
GER|3/19/2015|91106|178|8619
DEN|3/19/2015|70371|179|8619
AUS|3/19/2015|40545|180|8619
DOM|3/19/2015|79236|181|8619
IND|3/19/2015|82685|182|8619
IND|3/19/2015|67864|183|8619
TPE|3/19/2015|51518|184|8619
ENG|3/19/2015|50715|185|8619
CHN|3/19/2015|88907|186|8619
GUA|3/19/2015|82412|187|8619
CZE|3/19/2015|77090|188|8619
ZAM|3/19/2015|51665|189|8619
THA|3/19/2015|74490|190|8619
INA|3/19/2015|83802|191|8619
RUS|3/19/2015|81907|192|8619
IND|3/19/2015|69619|193|8619
POL|3/19/2015|71557|194|8619
ARG|3/19/2015|90876|195|8619
ARG|3/19/2015|87410|196|8619
IRI|3/19/2015|45380|197|8619
IND|3/19/2015|92125|198|8619
RUS|3/19/2015|43861|199|8619
ESP|3/19/2015|74218|200|8619
KOR|3/19/2015|95820|201|8619
RUS|3/19/2015|75083|202|8619
IRI|3/19/2015|52180|203|8619
MAS|3/19/2015|15712|204|8619
INA|3/19/2015|30083|205|8619
EGY|3/19/2015|61746|206|8619
HUN|3/19/2015|98804|207|8619
VIE|3/19/2015|18115|208|8619
NGR|3/19/2015|73121|209|8619
DEN|3/19/2015|78534|210|8619
AUS|3/19/2015|61301|211|8619
DOM|3/19/2015|39137|212|8619
SWE|3/19/2015|64551|213|8619
LAT|3/19/2015|10625|214|8619
LAT|3/19/2015|57646|215|8619
THA|3/19/2015|87513|216|8619
CRO|3/19/2015|96569|217|8619
CHN|3/19/2015|60835|218|8619
RSA|3/19/2015|63068|219|8619
IND|3/19/2015|53962|220|8619
MRI|3/19/2015|42677|221|8619
TPE|3/19/2015|71673|222|8619
FIN|3/19/2015|99619|223|8619
INA|3/19/2015|96892|224|8619
BRA|3/19/2015|95963|225|8619
SUI|3/19/2015|73669|226|8619
LAT|3/19/2015|87721|227|8619
TPE|3/19/2015|75154|228|8619
GUA|3/19/2015|93262|229|8619
UKR|3/19/2015|31914|230|8619
IND|3/19/2015|67854|231|8619
FRA|3/19/2015|98854|232|8619
NZL|3/19/2015|14741|233|8619
AUS|3/19/2015|92217|234|8619
NED|3/19/2015|89454|235|8619
WAL|3/19/2015|16875|236|8619
INA|3/19/2015|65413|237|8619
GRE|3/19/2015|14148|238|8619
SUI|3/19/2015|92691|239|8619
INA|3/19/2015|48714|240|8619
GER|3/19/2015|82641|241|8619
SRB|3/19/2015|60182|242|8619
BRA|3/19/2015|93507|243|8619
THA|3/19/2015|84287|244|8619
SLO|3/19/2015|65194|245|8619
CHN|3/19/2015|78778|246|8619
AUT|3/19/2015|87854|247|8619
ENG|3/19/2015|91810|248|8619
JPN|3/19/2015|61066|249|8619
VIE|3/19/2015|40278|250|8619
TPE|3/19/2015|54195|251|8619
BEL|3/19/2015|65846|252|8619
JPN|3/19/2015|83211|253|8619
POR|3/19/2015|13006|254|8619
BRA|3/19/2015|40080|255|8619
NGR|3/19/2015|69899|256|8619
SGP|3/19/2015|53782|257|8619
POR|3/19/2015|72489|258|8619
BUL|3/19/2015|57906|259|8619
IND|3/19/2015|94335|260|8619
NGR|3/19/2015|81973|261|8619
EST|3/19/2015|73015|262|8619
JPN|3/19/2015|81609|263|8619
SUI|3/19/2015|74309|264|8619
FRA|3/19/2015|94743|265|8619
THA|3/19/2015|99411|266|8619
EGY|3/19/2015|94632|267|8619
INA|3/19/2015|97185|268|8619
KOR|3/19/2015|60908|269|8619
IND|3/19/2015|59370|270|8619
IND|3/19/2015|81493|271|8619
MEX|3/19/2015|36245|272|8619
DEN|3/19/2015|92567|273|8619
DEN|3/19/2015|96276|273|8619
INA|3/19/2015|65826|275|8619
SUI|3/19/2015|81375|276|8619
AUS|3/19/2015|51575|277|8619
CHN|3/19/2015|16100|278|8619
INA|3/19/2015|71082|279|8619
IRI|3/19/2015|89872|280|8619
JPN|3/19/2015|65751|281|8619
CAN|3/19/2015|68001|281|8619
AUS|3/19/2015|98695|283|8619
UKR|3/19/2015|64424|284|8619
EGY|3/19/2015|71367|285|8619
GUA|3/19/2015|67650|285|8619
KOR|3/19/2015|78619|287|8619
NED|3/19/2015|92634|288|8619
THA|3/19/2015|96952|289|8619
ZAM|3/19/2015|55777|290|8619
INA|3/19/2015|64558|291|8619
SLO|3/19/2015|12023|292|8619
BRA|3/19/2015|93014|293|8619
SRI|3/19/2015|68295|294|8619
HKG|3/19/2015|70188|295|8619
HKG|3/19/2015|59216|296|8619
JPN|3/19/2015|71023|297|8619
ENG|3/19/2015|60814|298|8619
AUS|3/19/2015|73559|299|8619
AUS|3/19/2015|64877|299|8619
RUS|3/19/2015|80540|301|8619
MAS|3/19/2015|56375|302|8619
PER|3/19/2015|42989|303|8619
BRA|3/19/2015|93397|304|8619
BOT|3/19/2015|87582|305|8619
IND|3/19/2015|66614|306|8619
INA|3/19/2015|95049|307|8619
INA|3/19/2015|84004|308|8619
TUR|3/19/2015|91266|309|8619
ECU|3/19/2015|95277|310|8619
UKR|3/19/2015|95248|311|8619
ENG|3/19/2015|87660|312|8619
GER|3/19/2015|15323|313|8619
RUS|3/19/2015|6115|313|8619
DEN|3/19/2015|82707|315|8619
RSA|3/19/2015|51335|316|8619
DEN|3/19/2015|77002|317|8619
CAN|3/19/2015|53877|318|8619
FRA|3/19/2015|66589|319|8619
THA|3/19/2015|86511|320|8619
IND|3/19/2015|13710|321|8619
SWE|3/19/2015|14220|322|8619
DEN|3/19/2015|20231|323|8619
JAM|3/19/2015|55137|324|8619
AUS|3/19/2015|80376|324|8619
FIN|3/19/2015|59844|326|8619
AUT|3/19/2015|57537|327|8619
JPN|3/19/2015|36246|328|8619
IND|3/19/2015|98691|328|8619
VIE|3/19/2015|73998|330|8619
GER|3/19/2015|81426|331|8619
PER|3/19/2015|63012|332|8619
TUR|3/19/2015|98643|333|8619
CHN|3/19/2015|93164|334|8619
NZL|3/19/2015|90335|335|8619
THA|3/19/2015|59250|336|8619
TPE|3/19/2015|78755|337|8619
UKR|3/19/2015|83254|338|8619
SRI|3/19/2015|96090|339|8619
MEX|3/19/2015|98186|340|8619
DEN|3/19/2015|85681|341|8619
INA|3/19/2015|31679|342|8619
VIE|3/19/2015|79637|343|8619
VIE|3/19/2015|93717|343|8619
INA|3/19/2015|87163|345|8619
TPE|3/19/2015|93852|346|8619
AUS|3/19/2015|64389|347|8619
THA|3/19/2015|57123|348|8619
IND|3/19/2015|90693|349|8619
INA|3/19/2015|87924|350|8619
INA|3/19/2015|66963|351|8619
PUR|3/19/2015|78403|352|8619
CAN|3/19/2015|94938|353|8619
KOR|3/19/2015|54357|354|8619
TPE|3/19/2015|83662|354|8619
NOR|3/19/2015|39470|356|8619
MAS|3/19/2015|69012|357|8619
RUS|3/19/2015|81552|358|8619
RUS|3/19/2015|82524|358|8619
RUS|3/19/2015|64352|358|8619
AUT|3/19/2015|63829|361|8619
GER|3/19/2015|81470|362|8619
ENG|3/19/2015|57371|363|8619
MAS|3/19/2015|80705|364|8619
IRI|3/19/2015|69729|365|8619
BOT|3/19/2015|12669|365|8619
PUR|3/19/2015|60278|365|8619
UKR|3/19/2015|39872|368|8619
THA|3/19/2015|67856|369|8619
BRA|3/19/2015|52910|370|8619
SGP|3/19/2015|66746|370|8619
USA|3/19/2015|59692|370|8619
BUL|3/19/2015|53891|373|8619
ISR|3/19/2015|65089|374|8619
INA|3/19/2015|73715|375|8619
INA|3/19/2015|55959|375|8619
CHN|3/19/2015|60311|375|8619
SRI|3/19/2015|79705|378|8619
SUR|3/19/2015|84728|379|8619
ENG|3/19/2015|55923|380|8619
CHN|3/19/2015|58637|381|8619
THA|3/19/2015|81725|382|8619
INA|3/19/2015|95182|382|8619
UKR|3/19/2015|59810|382|8619
NZL|3/19/2015|53517|385|8619
RUS|3/19/2015|25776|386|8619
EST|3/19/2015|66267|387|8619
INA|3/19/2015|93312|388|8619
IND|3/19/2015|99711|388|8619
ISR|3/19/2015|95397|390|8619
JPN|3/19/2015|81880|391|8619
ENG|3/19/2015|27030|392|8619
DEN|3/19/2015|44738|393|8619
HUN|3/19/2015|66695|393|8619
NZL|3/19/2015|87799|395|8619
TUR|3/19/2015|63873|396|8619
HUN|3/19/2015|51849|397|8619
NZL|3/19/2015|75321|398|8619
EST|3/19/2015|89997|399|8619
INA|3/19/2015|58698|400|8619
GUA|3/19/2015|1208|401|8619
TPE|3/19/2015|97282|401|8619
NGR|3/19/2015|63462|401|8619
INA|3/19/2015|80425|401|8619
JPN|3/19/2015|77832|401|8619
NGR|3/19/2015|55970|401|8619
NGR|3/19/2015|55924|401|8619
FRA|3/19/2015|82409|408|8619
IRL|3/19/2015|73274|409|8619
JPN|3/19/2015|46485|410|8619
UGA|3/19/2015|48833|411|8619
RUS|3/19/2015|61870|411|8619
RUS|3/19/2015|86997|413|8619
ISL|3/19/2015|78983|414|8619
TPE|3/19/2015|70120|415|8619
VIE|3/19/2015|75678|415|8619
NGR|3/19/2015|51686|417|8619
CUB|3/19/2015|98960|417|8619
BOT|3/19/2015|53476|417|8619
INA|3/19/2015|65540|420|8619
MAS|3/19/2015|18143|421|8619
JPN|3/19/2015|94519|421|8619
CHN|3/19/2015|76632|421|8619
JPN|3/19/2015|89659|421|8619
UKR|3/19/2015|57891|425|8619
ESP|3/19/2015|90558|426|8619
MAS|3/19/2015|64889|427|8619
EST|3/19/2015|75821|428|8619
KOR|3/19/2015|57813|429|8619
CAN|3/19/2015|96785|430|8619
IND|3/19/2015|90431|431|8619
RUS|3/19/2015|49317|432|8619
NGR|3/19/2015|65200|432|8619
UZB|3/19/2015|97769|434|8619
BOT|3/19/2015|66474|435|8619
ZAM|3/19/2015|73995|436|8619
ARG|3/19/2015|76011|436|8619
RUS|3/19/2015|90786|438|8619
ITA|3/19/2015|50406|439|8619
SWE|3/19/2015|66469|440|8619
DEN|3/19/2015|59156|441|8619
ENG|3/19/2015|75771|442|8619
MRI|3/19/2015|84390|443|8619
CUB|3/19/2015|63268|443|8619
NZL|3/19/2015|74893|445|8619
MAS|3/19/2015|80008|446|8619
EST|3/19/2015|86222|447|8619
NEP|3/19/2015|53998|448|8619
AUS|3/19/2015|64522|448|8619
BOT|3/19/2015|79072|448|8619
NZL|3/19/2015|97851|448|8619
BRN|3/19/2015|67644|448|8619
UGA|3/19/2015|60815|448|8619
NGR|3/19/2015|71838|448|8619
BRN|3/19/2015|85047|448|8619
RUS|3/19/2015|72565|448|8619
NZL|3/19/2015|77993|448|8619
NEP|3/19/2015|78543|448|8619
WAL|3/19/2015|94806|459|8619
IRL|3/19/2015|80889|460|8619
DEN|3/19/2015|70495|461|8619
RUS|3/19/2015|56813|462|8619
FRA|3/19/2015|99232|462|8619
HKG|3/19/2015|55289|464|8619
IND|3/19/2015|15851|465|8619
ROU|3/19/2015|80494|466|8619
BLR|3/19/2015|94400|467|8619
TTO|3/19/2015|15027|468|8619
UZB|3/19/2015|56173|468|8619
ETH|3/19/2015|81002|468|8619
SGP|3/19/2015|81033|468|8619
MEX|3/19/2015|62032|468|8619
AUS|3/19/2015|68997|473|8619
NZL|3/19/2015|78979|473|8619
PYF|3/19/2015|64688|473|8619
CHN|3/19/2015|78116|473|8619
INA|3/19/2015|93338|477|8619
INA|3/19/2015|66691|478|8619
IND|3/19/2015|97201|478|8619
INA|3/19/2015|57331|478|8619
INA|3/19/2015|78068|478|8619
INA|3/19/2015|70481|478|8619
IND|3/19/2015|76459|478|8619
UGA|3/19/2015|66881|484|8619
ZAM|3/19/2015|88524|484|8619
ZAM|3/19/2015|58650|484|8619
BOT|3/19/2015|88189|487|8619
THA|3/19/2015|92322|487|8619
RUS|3/19/2015|58548|489|8619
AZE|3/19/2015|65226|490|8619
DEN|3/19/2015|57982|490|8619
UZB|3/19/2015|65149|492|8619
LAT|3/19/2015|89697|493|8619
CZE|3/19/2015|39172|494|8619
RUS|3/19/2015|77577|495|8619
SCO|3/19/2015|98373|496|8619
IND|3/19/2015|51651|497|8619
FRA|3/19/2015|61901|497|8619
AUS|3/19/2015|54148|497|8619
IRI|3/19/2015|56262|497|8619
GHA|3/19/2015|69869|497|8619
GHA|3/19/2015|87815|497|8619
BAN|3/19/2015|94843|497|8619
IND|3/19/2015|87012|497|8619
BRA|3/19/2015|76507|497|8619
UKR|3/19/2015|66572|497|8619
BAN|3/19/2015|59417|497|8619
CHN|3/19/2015|62186|497|8619
JPN|3/19/2015|80010|497|8619
SRI|3/19/2015|75683|497|8619
NGR|3/19/2015|80069|497|8619
UKR|3/19/2015|16504|497|8619
CZE|3/19/2015|63494|497|8619
UKR|3/19/2015|58560|497|8619
CHN|3/19/2015|65558|497|8619
CAN|3/19/2015|60367|497|8619
INA|3/19/2015|68199|497|8619
ENG|3/19/2015|83669|518|8619
NGR|3/19/2015|19954|519|8619
CHI|3/19/2015|34449|519|8619
UGA|3/19/2015|94784|519|8619
KEN|3/19/2015|87227|519|8619
DOM|3/19/2015|79547|519|8619
PUR|3/19/2015|63513|519|8619
CUB|3/19/2015|88009|519|8619
VEN|3/19/2015|98094|519|8619
TPE|3/19/2015|84778|519|8619
ARM|3/19/2015|91044|519|8619
AUS|3/19/2015|85077|519|8619
NGR|3/19/2015|90905|519|8619
NGR|3/19/2015|59581|519|8619
NGR|3/19/2015|69517|519|8619
NGR|3/19/2015|99302|519|8619
NGR|3/19/2015|66837|519|8619
NGR|3/19/2015|95924|519|8619
DEN|3/19/2015|76327|519|8619
SCO|3/19/2015|91715|537|8619
MAC|3/19/2015|76122|538|8619
SLO|3/19/2015|81419|539|8619
LTU|3/19/2015|53814|540|8619
DEN|3/19/2015|29419|541|8619
SUR|3/19/2015|53479|541|8619
JOR|3/19/2015|96444|541|8619
BRA|3/19/2015|94010|541|8619
UZB|3/19/2015|55584|541|8619
DOM|3/19/2015|63561|541|8619
THA|3/19/2015|56923|541|8619
ETH|3/19/2015|90196|541|8619
ETH|3/19/2015|78690|541|8619
MAS|3/19/2015|68628|541|8619
SGP|3/19/2015|59275|541|8619
DOM|3/19/2015|71061|541|8619
DOM|3/19/2015|58887|541|8619
MEX|3/19/2015|58684|541|8619
THA|3/19/2015|77392|541|8619
MEX|3/19/2015|75304|541|8619
DEN|3/19/2015|88779|541|8619
JPN|3/19/2015|55712|541|8619
IND|3/19/2015|80764|559|8619
BAR|3/19/2015|54547|560|8619
USA|3/19/2015|14081|560|8619
USA|3/19/2015|55439|560|8619
KOR|3/19/2015|44969|560|8619
USA|3/19/2015|20775|560|8619
KOR|3/19/2015|72316|560|8619
RUS|3/19/2015|57780|560|8619
NZL|3/19/2015|57089|560|8619
CAN|3/19/2015|90225|560|8619
USA|3/19/2015|59441|560|8619
CAN|3/19/2015|77798|560|8619
CAN|3/19/2015|91560|560|8619
RUS|3/19/2015|96243|560|8619
RUS|3/19/2015|86653|560|8619
RUS|3/19/2015|70305|560|8619
USA|3/19/2015|84770|560|8619
COK|3/19/2015|96088|560|8619
NZL|3/19/2015|61327|560|8619
NZL|3/19/2015|79983|560|8619
COK|3/19/2015|90250|560|8619
MAC|3/19/2015|72639|580|8619
VIE|3/19/2015|86805|581|8619
THA|3/19/2015|83013|581|8619
THA|3/19/2015|85635|581|8619
GER|3/19/2015|67857|584|8619
RUS|3/19/2015|65993|585|8619
SLO|3/19/2015|96147|586|8619
IND|3/19/2015|58502|587|8619
IND|3/19/2015|86930|587|8619
RUS|3/19/2015|74997|589|8619
TUR|3/19/2015|73023|590|8619
SWE|3/19/2015|81790|590|8619
NZL|3/19/2015|69131|592|8619
TGA|3/19/2015|77367|592|8619
NZL|3/19/2015|82435|592|8619
NZL|3/19/2015|82563|592|8619
NZL|3/19/2015|86279|592|8619
IRI|3/19/2015|97634|597|8619
SEY|3/19/2015|15641|597|8619
THA|3/19/2015|96990|599|8619
KEN|3/19/2015|98243|600|8619
CHI|3/19/2015|13785|600|8619
TUR|3/19/2015|76755|600|8619
BOT|3/19/2015|23340|600|8619
KEN|3/19/2015|59058|600|8619
DEN|3/19/2015|87050|600|8619
CHI|3/19/2015|73331|600|8619
ITA|3/19/2015|70312|600|8619
ZAM|3/19/2015|78024|600|8619
BUL|3/19/2015|19174|609|8619
MEX|3/19/2015|50684|609|8619
TPE|3/19/2015|68667|609|8619
PER|3/19/2015|79258|609|8619
GER|3/19/2015|79329|609|8619
AUT|3/19/2015|84097|614|8619
LTU|3/19/2015|66117|615|8619
JPN|3/19/2015|56834|616|8619
AZE|3/19/2015|79308|617|8619
TUR|3/19/2015|69847|617|8619
TUR|3/19/2015|98152|619|8619
GRE|3/19/2015|98532|620|8619
SWE|3/19/2015|65424|620|8619
ENG|3/19/2015|37916|622|8619
VIE|3/19/2015|42442|623|8619
VIE|3/19/2015|56377|623|8619
LTU|3/19/2015|72367|625|8619
UKR|3/19/2015|52301|626|8619
IND|3/19/2015|48127|626|8619
SUR|3/19/2015|12905|626|8619
SRI|3/19/2015|15327|626|8619
TPE|3/19/2015|14864|626|8619
EGY|3/19/2015|63827|626|8619
BAN|3/19/2015|89240|626|8619
UGA|3/19/2015|23101|626|8619
SUR|3/19/2015|98108|626|8619
TPE|3/19/2015|68980|626|8619
COL|3/19/2015|55814|626|8619
UKR|3/19/2015|63179|626|8619
TPE|3/19/2015|68814|626|8619
COL|3/19/2015|78992|626|8619
IRL|3/19/2015|98058|626|8619
IRI|3/19/2015|68768|626|8619
IRI|3/19/2015|88751|626|8619
UGA|3/19/2015|61158|626|8619
POL|3/19/2015|99739|626|8619
AUS|3/19/2015|65496|626|8619
MRI|3/19/2015|96915|626|8619
TTO|3/19/2015|13590|626|8619
ETH|3/19/2015|61420|626|8619
BOT|3/19/2015|73733|626|8619
SUR|3/19/2015|94162|626|8619
IND|3/19/2015|74591|626|8619
ROU|3/19/2015|92664|626|8619
MRI|3/19/2015|71374|626|8619
GUA|3/19/2015|57219|626|8619
UKR|3/19/2015|52005|626|8619
UKR|3/19/2015|64594|626|8619
ETH|3/19/2015|92732|626|8619
ETH|3/19/2015|80670|626|8619
ETH|3/19/2015|55738|626|8619
ETH|3/19/2015|84458|626|8619
ETH|3/19/2015|61957|626|8619
SUI|3/19/2015|62352|626|8619
USA|3/19/2015|89624|626|8619
BRN|3/19/2015|66100|626|8619
SUR|3/19/2015|76143|626|8619
ENG|3/19/2015|75619|626|8619
IRI|3/19/2015|58990|626|8619
IRI|3/19/2015|56564|626|8619
TPE|3/19/2015|68023|626|8619
AUS|3/19/2015|77763|626|8619
MAS|3/19/2015|63619|626|8619
TPE|3/19/2015|89583|626|8619
CAN|3/19/2015|72358|626|8619
JAM|3/19/2015|99554|626|8619
NGR|3/19/2015|69682|626|8619
GHA|3/19/2015|93792|626|8619
NGR|3/19/2015|3999|626|8619
ISR|3/19/2015|74785|626|8619
ISR|3/19/2015|77682|626|8619
DOM|3/19/2015|72946|626|8619
JOR|3/19/2015|81950|626|8619
BAN|3/19/2015|55624|626|8619
IRI|3/19/2015|75988|626|8619
AUS|3/19/2015|89581|626|8619
FRA|3/19/2015|65102|626|8619
JPN|3/19/2015|90983|626|8619
SWE|3/19/2015|89196|626|8619
PHI|3/19/2015|98946|626|8619
NGR|3/19/2015|81349|626|8619
NGR|3/19/2015|90416|626|8619
BRN|3/19/2015|70307|626|8619
RUS|3/19/2015|70204|626|8619
RUS|3/19/2015|56269|626|8619
GUA|3/19/2015|77058|626|8619
GUA|3/19/2015|83095|626|8619
UKR|3/19/2015|8422|626|8619
UKR|3/19/2015|70091|626|8619
UKR|3/19/2015|82788|626|8619
UKR|3/19/2015|75817|626|8619
COL|3/19/2015|96860|626|8619
COL|3/19/2015|94696|626|8619
COL|3/19/2015|91310|626|8619
COL|3/19/2015|74448|626|8619
COL|3/19/2015|68407|626|8619
CHN|3/19/2015|81345|626|8619
AUS|3/19/2015|79815|626|8619
AUS|3/19/2015|64553|626|8619
AUS|3/19/2015|64825|626|8619
THA|3/19/2015|62301|626|8619
CAN|3/19/2015|94379|626|8619
ISR|3/19/2015|61046|626|8619
NGR|3/19/2015|90833|626|8619
NGR|3/19/2015|86524|626|8619
PAK|3/19/2015|81451|626|8619
SUR|3/19/2015|76439|626|8619
SUI|3/19/2015|81056|626|8619
ENG|3/19/2015|92837|626|8619
ENG|3/19/2015|74239|626|8619
ZAM|3/19/2015|62659|626|8619
NEP|3/19/2015|98842|626|8619
NEP|3/19/2015|74747|626|8619
DOM|3/19/2015|65848|626|8619
BOT|3/19/2015|84970|626|8619
IRI|3/19/2015|57231|626|8619
IRI|3/19/2015|68896|626|8619
BRA|3/19/2015|95893|626|8619
BRA|3/19/2015|96700|626|8619
BLR|3/19/2015|63639|728|8619
GER|3/19/2015|6891|729|8619
JEY|3/19/2015|14984|729|8619
SGP|3/19/2015|71086|729|8619
THA|3/19/2015|60055|729|8619
NGR|3/19/2015|70046|729|8619
THA|3/19/2015|74803|729|8619
AUT|3/19/2015|97511|735|8619
IND|3/19/2015|73932|736|8619
IND|3/19/2015|80431|736|8619
JPN|3/19/2015|91896|736|8619
MLT|3/19/2015|91527|739|8619
BEL|3/19/2015|64504|740|8619
TUR|3/19/2015|62426|741|8619
SRB|3/19/2015|26029|742|8619
ITA|3/19/2015|95837|743|8619
CZE|3/19/2015|64258|744|8619
RUS|3/19/2015|55870|744|8619
SLO|3/19/2015|30255|746|8619
ISL|3/19/2015|77397|747|8619
TUR|3/19/2015|55472|748|8619
HUN|3/19/2015|74051|749|8619
PER|3/19/2015|95670|750|8619
VIE|3/19/2015|61152|750|8619
NZL|3/19/2015|78872|750|8619
SWE|3/19/2015|80474|750|8619
PER|3/19/2015|95819|750|8619
PHI|3/19/2015|93300|750|8619
IND|3/19/2015|68461|756|8619
ITA|3/19/2015|78570|757|8619
IND|3/19/2015|70134|757|8619
INA|3/19/2015|88740|757|8619
JPN|3/19/2015|84120|757|8619
INA|3/19/2015|92957|757|8619
TUR|3/19/2015|91444|762|8619
NOR|3/19/2015|96649|762|8619
NOR|3/19/2015|92893|762|8619
SEY|3/19/2015|35438|765|8619
GER|3/19/2015|81374|766|8619
TPE|3/19/2015|70253|767|8619
NOR|3/19/2015|61749|768|8619
SWE|3/19/2015|73322|769|8619
AUT|3/19/2015|61360|770|8619
THA|3/19/2015|63092|771|8619
THA|3/19/2015|99988|771|8619
CMR|3/19/2015|76840|773|8619
CMR|3/19/2015|53124|774|8619
ZIM|3/19/2015|60994|774|8619
CMR|3/19/2015|55512|774|8619
BUL|3/19/2015|53890|777|8619
TTO|3/19/2015|54108|777|8619
RSA|3/19/2015|46778|777|8619
ZAM|3/19/2015|35183|777|8619
KEN|3/19/2015|85314|777|8619
SYR|3/19/2015|97477|777|8619
POR|3/19/2015|37731|777|8619
UGA|3/19/2015|21087|777|8619
MRI|3/19/2015|14965|777|8619
UGA|3/19/2015|76891|777|8619
COL|3/19/2015|58166|777|8619
ISL|3/19/2015|14048|777|8619
COL|3/19/2015|91580|777|8619
UGA|3/19/2015|61958|777|8619
NED|3/19/2015|84742|777|8619
VIE|3/19/2015|71346|777|8619
VEN|3/19/2015|61409|777|8619
BRA|3/19/2015|71748|777|8619
SCO|3/19/2015|69400|777|8619
TUR|3/19/2015|92357|777|8619
KEN|3/19/2015|83355|777|8619
UGA|3/19/2015|67954|777|8619
NGR|3/19/2015|92376|777|8619
VIE|3/19/2015|98199|777|8619
AUS|3/19/2015|67048|777|8619
NED|3/19/2015|50529|777|8619
MRI|3/19/2015|58558|777|8619
VEN|3/19/2015|93118|777|8619
VEN|3/19/2015|80070|777|8619
VEN|3/19/2015|59521|777|8619
BRA|3/19/2015|96037|777|8619
ISL|3/19/2015|69993|777|8619
BOT|3/19/2015|76354|777|8619
BOT|3/19/2015|96256|777|8619
VEN|3/19/2015|77898|777|8619
AUS|3/19/2015|72111|777|8619
PYF|3/19/2015|91626|777|8619
BRA|3/19/2015|71483|777|8619
BRA|3/19/2015|66209|777|8619
BRA|3/19/2015|76149|777|8619
KEN|3/19/2015|68940|777|8619
MAS|3/19/2015|85134|777|8619
SEY|3/19/2015|81128|777|8619
FRA|3/19/2015|73204|777|8619
FRA|3/19/2015|65199|777|8619
BRA|3/19/2015|75612|777|8619
MEX|3/19/2015|65976|777|8619
MEX|3/19/2015|73497|777|8619
RSA|3/19/2015|83543|777|8619
RSA|3/19/2015|62879|777|8619
DEN|3/19/2015|59070|777|8619
ISL|3/19/2015|73909|777|8619
ISL|3/19/2015|55574|777|8619
ISL|3/19/2015|72125|777|8619
CUB|3/19/2015|73359|777|8619
NED|3/19/2015|89572|777|8619
AUS|3/19/2015|69580|777|8619
THA|3/19/2015|55866|777|8619
PHI|3/19/2015|82536|777|8619
CMR|3/19/2015|97891|777|8619
ZIM|3/19/2015|83723|777|8619
BOT|3/19/2015|81675|777|8619
SLO|3/19/2015|74983|777|8619
GRE|3/19/2015|57268|777|8619
ARG|3/19/2015|89291|777|8619
ARG|3/19/2015|51812|777|8619
ARG|3/19/2015|63717|777|8619
MRI|3/19/2015|60162|777|8619
MRI|3/19/2015|88195|777|8619
MRI|3/19/2015|91753|777|8619
KEN|3/19/2015|95933|777|8619
UGA|3/19/2015|82200|777|8619
KEN|3/19/2015|68128|777|8619
KEN|3/19/2015|90958|777|8619
KEN|3/19/2015|89937|777|8619
KEN|3/19/2015|94881|777|8619
KEN|3/19/2015|99546|777|8619
CHI|3/19/2015|98917|777|8619
CHI|3/19/2015|78138|777|8619
CHI|3/19/2015|80878|777|8619
CHI|3/19/2015|69424|777|8619
CHI|3/19/2015|75250|777|8619
SGP|3/19/2015|58917|777|8619
INA|3/19/2015|96717|777|8619
PYF|3/19/2015|85850|777|8619
COL|3/19/2015|57755|777|8619
COL|3/19/2015|97611|777|8619
COL|3/19/2015|71979|777|8619
CRC|3/19/2015|84697|777|8619
COL|3/19/2015|81006|777|8619
COL|3/19/2015|96905|777|8619
COL|3/19/2015|91190|777|8619
COL|3/19/2015|89204|777|8619
COL|3/19/2015|90807|777|8619
COL|3/19/2015|60200|777|8619
ETH|3/19/2015|63586|777|8619
NGR|3/19/2015|61663|777|8619
NGR|3/19/2015|58417|777|8619
NGR|3/19/2015|86460|777|8619
NGR|3/19/2015|91877|777|8619
NGR|3/19/2015|96796|777|8619
NGR|3/19/2015|77241|777|8619
MEX|3/19/2015|66876|777|8619
MEX|3/19/2015|71039|777|8619
MEX|3/19/2015|75526|777|8619
MEX|3/19/2015|99004|777|8619
MEX|3/19/2015|86953|777|8619
MEX|3/19/2015|82210|777|8619
ZAM|3/19/2015|46622|777|8619
RSA|3/19/2015|81007|777|8619
RSA|3/19/2015|71857|777|8619
RSA|3/19/2015|75193|777|8619
BOT|3/19/2015|93023|777|8619
BOT|3/19/2015|59718|777|8619
BOT|3/19/2015|59180|777|8619
BOT|3/19/2015|78030|777|8619
ISL|3/19/2015|57183|777|8619
ISL|3/19/2015|87859|777|8619
PER|3/19/2015|94683|777|8619
ESP|3/19/2015|27758|896|8619
RUS|3/19/2015|32822|897|8619
DEN|3/19/2015|70314|897|8619
KOR|3/19/2015|68381|899|8619
CAN|3/19/2015|79199|899|8619
FIN|3/19/2015|97457|901|8619
INA|3/19/2015|92946|902|8619
INA|3/19/2015|91176|902|8619
FIN|3/19/2015|95544|904|8619
FRA|3/19/2015|70762|904|8619
RUS|3/19/2015|56330|906|8619
RUS|3/19/2015|68105|907|8619
CZE|3/19/2015|68580|907|8619
RUS|3/19/2015|77431|909|8619
RUS|3/19/2015|83659|909|8619
IND|3/19/2015|55045|911|8619
IND|3/19/2015|94657|911|8619
IND|3/19/2015|77788|911|8619
ENG|3/19/2015|85513|914|8619
ENG|3/19/2015|72186|914|8619
THA|3/19/2015|75836|916|8619
FIN|3/19/2015|24077|917|8619
SUI|3/19/2015|53018|918|8619
PAK|3/19/2015|54220|918|8619
INA|3/19/2015|94736|918|8619
INA|3/19/2015|94994|918|8619
ESP|3/19/2015|90270|918|8619
SRI|3/19/2015|62078|918|8619
IRI|3/19/2015|66840|918|8619
AUS|3/19/2015|84527|918|8619
INA|3/19/2015|60768|918|8619
RUS|3/19/2015|72099|918|8619
IND|3/19/2015|85298|918|8619
ARM|3/19/2015|83438|918|8619
IRI|3/19/2015|84260|918|8619
IRI|3/19/2015|68579|918|8619
FRA|3/19/2015|71440|918|8619
JPN|3/19/2015|88133|918|8619
JPN|3/19/2015|60317|918|8619
JPN|3/19/2015|61568|918|8619
SRI|3/19/2015|76792|918|8619
NGR|3/19/2015|55935|918|8619
GHA|3/19/2015|80002|918|8619
NGR|3/19/2015|96726|918|8619
RUS|3/19/2015|88999|918|8619
RUS|3/19/2015|74700|918|8619
AUS|3/19/2015|76767|918|8619
AUS|3/19/2015|74584|918|8619
MAS|3/19/2015|99653|918|8619
ENG|3/19/2015|83940|918|8619
THA|3/19/2015|59842|918|8619
IRI|3/19/2015|72615|918|8619
ARM|3/19/2015|99396|918|8619
TKM|3/19/2015|82698|918|8619
ESP|3/19/2015|87111|950|8619
LAT|3/19/2015|55740|951|8619
LTU|3/19/2015|79813|951|8619
LTU|3/19/2015|89906|951|8619
LTU|3/19/2015|97385|951|8619
CZE|3/19/2015|58783|951|8619
GER|3/19/2015|78338|956|8619
MAC|3/19/2015|87744|957|8619
VIE|3/19/2015|50964|958|8619
INA|3/19/2015|73506|958|8619
IND|3/19/2015|76762|958|8619
CAN|3/19/2015|90465|958|8619
INA|3/19/2015|88318|958|8619
USA|3/19/2015|62708|958|8619
USA|3/19/2015|96964|958|8619
IND|3/19/2015|92211|958|8619
IND|3/19/2015|69751|958|8619
FIN|3/19/2015|64781|967|8619
FIN|3/19/2015|77715|967|8619
FRA|3/19/2015|97177|969|8619
TUR|3/19/2015|86291|969|8619
SLO|3/19/2015|99177|971|8619
SLO|3/19/2015|84389|972|8619
TUR|3/19/2015|73612|972|8619
AUT|3/19/2015|77837|972|8619
FIN|3/19/2015|60822|975|8619
FRA|3/19/2015|67960|976|8619
ENG|3/19/2015|68221|976|8619
MAC|3/19/2015|77857|978|8619
NZL|3/19/2015|76229|978|8619
KOR|3/19/2015|87762|978|8619
SUI|3/19/2015|81843|981|8619
BUL|3/19/2015|94913|982|8619
FIN|3/19/2015|59293|982|8619
FRA|3/19/2015|89836|982|8619
BUL|3/19/2015|56501|985|8619
NED|3/19/2015|52798|985|8619
MAR|3/19/2015|98986|985|8619
VIE|3/19/2015|23095|985|8619
CUB|3/19/2015|92333|985|8619
MAR|3/19/2015|85543|985|8619
MAR|3/19/2015|60939|985|8619
MAR|3/19/2015|72862|985|8619
POR|3/19/2015|85133|985|8619
DEN|3/19/2015|62718|985|8619
SLO|3/19/2015|59372|985|8619
CUB|3/19/2015|70045|985|8619
FRA|3/19/2015|84582|985|8619
MAR|3/19/2015|85553|985|8619
MAR|3/19/2015|89474|985|8619
GER|3/19/2015|55830|985|8619
NED|3/19/2015|62393|985|8619
SLO|3/19/2015|56927|985|8619
TUR|3/19/2015|66236|985|8619
COL|3/19/2015|98480|985|8619
COL|3/19/2015|66325|985|8619
COL|3/19/2015|87439|985|8619
VIE|3/19/2015|97983|985|8619
NOR|3/19/2015|65544|985|8619
UGA|3/19/2015|56874|985|8619
UGA|3/19/2015|34699|985|8619
UGA|3/19/2015|85173|985|8619
NED|3/19/2015|84292|985|8619
BEL|3/19/2015|93148|985|8619
LUX|3/19/2015|68287|1014|8619
GRE|3/19/2015|76408|1015|8619
GRE|3/19/2015|59820|1015|8619
TUR|3/19/2015|99337|1015|8619
SWE|3/19/2015|57304|1018|8619
SRI|3/19/2015|10033|1019|8619
SRI|3/19/2015|13709|1019|8619
VIE|3/19/2015|94428|1019|8619
VIE|3/19/2015|62356|1019|8619
JAM|3/19/2015|77611|1019|8619
JPN|3/19/2015|97138|1019|8619
VIE|3/19/2015|99826|1019|8619
BEL|3/19/2015|88918|1019|8619
RUS|3/19/2015|63417|1019|8619
ENG|3/19/2015|77145|1019|8619
ENG|3/19/2015|78662|1019|8619
ENG|3/19/2015|58293|1019|8619
VIE|3/19/2015|81177|1019|8619
POL|3/19/2015|67569|1019|8619
INA|3/19/2015|86007|1019|8619
INA|3/19/2015|99009|1019|8619
RUS|3/19/2015|70723|1019|8619
TUR|3/19/2015|59107|1019|8619
BUL|3/19/2015|90248|1019|8619
FRA|3/19/2015|64158|1019|8619
FRA|3/19/2015|55629|1019|8619
FRA|3/19/2015|78120|1019|8619
UKR|3/19/2015|90576|1019|8619
FRA|3/19/2015|58283|1019|8619
FRA|3/19/2015|56091|1019|8619
JPN|3/19/2015|57727|1019|8619
PER|3/19/2015|86176|1019|8619
SRI|3/19/2015|79456|1019|8619
SRI|3/19/2015|54045|1019|8619
SRI|3/19/2015|84640|1019|8619
SRI|3/19/2015|98178|1019|8619
SRI|3/19/2015|57066|1019|8619
SRI|3/19/2015|91917|1019|8619
RUS|3/19/2015|73882|1019|8619
RUS|3/19/2015|85169|1019|8619
RUS|3/19/2015|73228|1019|8619
RUS|3/19/2015|66305|1019|8619
ENG|3/19/2015|99245|1019|8619
ENG|3/19/2015|56534|1019|8619
SWE|3/19/2015|81068|1019|8619
ENG|3/19/2015|72873|1059|8619
DEN|3/19/2015|76197|1060|8619
SVK|3/19/2015|96335|1061|8619
SVK|3/19/2015|82827|1061|8619
CZE|3/19/2015|55594|1061|8619
NOR|3/19/2015|67942|1064|8619
RUS|3/19/2015|83512|1065|8619
TUR|3/19/2015|54380|1065|8619
ISL|3/19/2015|18304|1065|8619
SLO|3/19/2015|52890|1065|8619
KAZ|3/19/2015|96659|1065|8619
KAZ|3/19/2015|77379|1065|8619
TUR|3/19/2015|98313|1065|8619
SLO|3/19/2015|70466|1065|8619
SLO|3/19/2015|94214|1065|8619
ROU|3/19/2015|67549|1065|8619
LUX|3/19/2015|94417|1065|8619
AUT|3/19/2015|71300|1065|8619
POL|3/19/2015|92280|1065|8619
NOR|3/19/2015|58505|1065|8619
NOR|3/19/2015|66092|1065|8619
ROU|3/19/2015|81701|1065|8619
POL|3/19/2015|69478|1065|8619
NED|3/19/2015|90334|1065|8619
POR|3/19/2015|77833|1065|8619
DEN|3/19/2015|62973|1065|8619
SLO|3/19/2015|62679|1065|8619
POL|3/19/2015|88304|1065|8619
SGP|3/19/2015|83822|1065|8619
INA|3/19/2015|97131|1065|8619
BUL|3/19/2015|68208|1065|8619
GRE|3/19/2015|76312|1065|8619
TUR|3/19/2015|90520|1065|8619
POR|3/19/2015|93172|1065|8619
POR|3/19/2015|78475|1065|8619
SLO|3/19/2015|75073|1065|8619
ITA|3/19/2015|94798|1065|8619
GRE|3/19/2015|88922|1065|8619
GRE|3/19/2015|98609|1065|8619
GRE|3/19/2015|91421|1065|8619
GRE|3/19/2015|58737|1065|8619
GRE|3/19/2015|95124|1065|8619
GRE|3/19/2015|51782|1065|8619
SGP|3/19/2015|73013|1065|8619
HKG|3/19/2015|64298|1065|8619
POL|3/19/2015|77061|1065|8619
POL|3/19/2015|89778|1065|8619
NGR|3/19/2015|68867|1065|8619
NGR|3/19/2015|67380|1065|8619
NOR|3/19/2015|64948|1065|8619
SWE|3/19/2015|78669|1065|8619
NOR|3/19/2015|87272|1065|8619
SWE|3/19/2015|92538|1065|8619
NOR|3/19/2015|83941|1065|8619
FIN|3/19/2015|48630|1065|8619
DEN|3/19/2015|57995|1065|8619
TUR|3/19/2015|84484|1065|8619
IRQ|3/19/2015|71759|1065|8619
UZB|3/19/2015|93444|1065|8619
TUR|3/19/2015|89222|1065|8619
TUR|3/19/2015|70406|1065|8619
TUR|3/19/2015|66567|1065|8619
ENG|3/19/2015|75820|1065|8619
ISL|3/19/2015|95571|1065|8619
POR|3/19/2015|89403|1065|8619
POR|3/19/2015|67420|1065|8619
POR|3/19/2015|88621|1065|8619
POR|3/19/2015|87114|1065|8619
POR|3/19/2015|56466|1065|8619
ROU|3/19/2015|94725|1065|8619
ROU|3/19/2015|94885|1065|8619
SRB|3/19/2015|78624|1065|8619
ROU|3/19/2015|76206|1065|8619
SGP|3/19/2015|53788|1132|8619
ITA|3/19/2015|98715|1133|8619
INA|3/19/2015|26019|1134|8619
IRL|3/19/2015|61180|1134|8619
SWE|3/19/2015|60504|1134|8619
IRL|3/19/2015|86624|1134|8619
IRL|3/19/2015|82623|1134|8619
ITA|3/19/2015|79241|1134|8619
ITA|3/19/2015|58993|1134|8619
ITA|3/19/2015|63615|1134|8619
SWE|3/19/2015|63037|1134|8619
SWE|3/19/2015|93422|1134|8619
SWE|3/19/2015|62749|1134|8619
CHN|3/19/2015|50754|1134|8619
AUT|3/19/2015|86895|1134|8619
CHN|3/19/2015|84686|1134|8619
AUT|3/19/2015|71702|1134|8619
SVK|3/19/2015|86960|1149|8619
SVK|3/19/2015|88429|1149|8619
SVK|3/19/2015|77764|1149|8619
SVK|3/19/2015|94139|1149|8619
CZE|3/19/2015|93655|1149|8619
SVK|3/19/2015|56569|1149|8619
VIE|3/19/2015|80453|1155|8619
VIE|3/19/2015|95114|1155|8619
VIE|3/19/2015|80781|1155|8619
VIE|3/19/2015|89043|1155|8619
VIE|3/19/2015|86529|1155|8619
VIE|3/19/2015|67604|1155|8619
TPE|3/19/2015|95569|1155|8619
VIE|3/19/2015|72716|1155|8619
VIE|3/19/2015|65814|1155|8619
VIE|3/19/2015|65704|1155|8619
FIN|3/19/2015|64247|1155|8619
DEN|3/19/2015|68082|1155|8619
FIN|3/19/2015|59303|1155|8619
